valor,hora,categoria_cod,qtd_transacoes_24h,is_fraud
3629.557978527514,1,5,13,1
47.60058036170981,21,2,3,0
730.7703685455256,19,2,2,0
757.5780334915758,11,5,1,0
1458.9098772285442,22,3,5,0
100.0,20,4,4,0
284.39177281783105,19,1,3,0
2090.3846216788434,1,1,5,0
125.7914371201047,17,5,1,0
637.1388879697392,12,2,6,0
73.17486270252202,8,2,5,0
604.3419366051213,13,3,6,0
855.1434688094214,12,5,7,0
89.34166503609491,9,4,5,0
286.8099230438004,6,3,5,0
30.082815099372407,8,2,3,0
140.10368939215192,9,5,4,0
193.91478313045852,18,3,3,0
631.9185492529883,14,5,5,0
5035.002300336834,3,1,18,1
55.4266901140183,17,2,3,0
1672.605305189701,4,5,6,0
1881.2477183511876,7,1,8,1
262.61459605942156,9,3,5,0
454.57066517855543,19,2,6,1
232.26223241618095,12,1,3,0
276.87614677890264,21,4,1,0
264.92684695588656,19,1,5,0
222.2232597006012,16,2,4,0
275.023944041556,18,5,3,0
252.1279379873064,10,4,4,0
672.3892479230677,17,2,4,0
201.64296382414597,16,4,1,0
216.75924804108058,20,2,4,0
602.4546932203583,13,5,4,0
182.80801826048003,18,5,5,0
1081.4649263817264,18,1,10,0
565.1177893844898,13,4,2,0
136.14014857858234,8,3,5,0
35.5555134651482,18,4,1,0
279.3861250818843,12,4,1,0
399.39918644341896,15,5,12,1
107.39970551567572,14,5,3,0
194.94908645324617,11,4,2,0
705.2622025268654,16,5,3,0
119.53877070323138,18,4,3,0
204.11212219922365,20,5,2,0
70.94524887024475,18,5,2,0
114.43678181045065,10,5,5,0
1183.5233741552804,11,5,3,0
1713.9631857108131,8,5,5,0
211.71134732263968,9,4,7,0
979.4403497511508,1,5,8,0
122.41311472008663,21,2,1,0
428.6050547998755,11,2,6,0
993.1560396279477,11,1,11,0
100.0,12,1,5,0
1605.0947808840754,11,5,6,0
100.0,18,2,3,0
120.75947758855806,16,3,2,0
2205.3522620188487,7,5,8,0
184.1953212591983,20,1,4,0
529.3523437622314,0,1,4,0
277.10560169331217,16,4,4,0
1500.0,6,3,14,1
4475.08097286164,5,5,18,1
933.6251869149337,15,3,2,0
901.6330425198624,8,1,10,0
189.62808920138332,19,1,1,0
1957.7782837375526,19,5,7,0
1739.4922818200023,3,5,3,0
356.792916148131,7,2,3,0
823.2417714972424,20,4,2,0
103.2836893262414,17,4,3,0
150.61441847894645,14,3,2,0
178.36216762461788,21,5,1,0
2046.8139713160601,17,1,3,0
36.98521570868817,18,2,1,0
39.55363382431507,10,2,4,0
8320.697556110088,1,5,19,1
583.8398231026297,10,5,1,0
431.1224784033945,16,3,3,0
1574.8674490586866,17,1,4,0
500.0,5,5,6,0
926.0637341626551,21,1,7,0
1408.838814083639,20,1,3,0
1448.5221223527917,20,1,4,0
263.0196354227243,6,1,1,0
69.47981855854009,6,4,5,0
951.1227502078381,11,5,6,0
783.0537314518253,0,1,7,0
994.5588262170137,19,1,6,0
169.51796237909213,9,5,4,0
64.60910267355071,8,5,1,0
1033.3994747162608,12,2,14,1
3000.0,0,5,12,1
331.8598074222586,11,2,4,0
248.89816492977127,15,4,6,0
1935.4590545071508,23,1,3,0
619.0068585495172,15,2,9,1
515.3165972297865,20,3,2,0
366.2717014570991,8,4,7,0
34.43113272778436,14,3,3,0
318.5089427683031,14,5,9,0
146.14730244530477,10,3,5,0
10.0,20,2,4,0
102.7972863343196,11,3,1,0
127.67827954055177,7,1,6,0
292.7469237665703,20,4,3,0
344.9372248388453,7,1,3,0
92.59140289149389,15,2,5,0
170.90108488903118,13,3,4,0
428.4237148208756,18,2,2,0
1270.6615486828468,4,1,8,0
36.12430112695798,18,4,1,0
108.69504398941805,6,5,2,0
421.69543255648284,17,4,2,0
289.5611870012729,12,4,3,0
164.38893203315894,12,1,6,0
1055.7546283339027,6,5,8,0
3000.0,2,1,13,1
908.3637751010211,11,1,3,0
520.8068245285145,10,3,3,0
97.16627150752205,8,2,3,0
190.53103671717957,11,2,1,0
1924.7526743846615,4,5,4,0
162.8596320569524,11,4,4,0
41.21507259977305,14,5,1,0
204.7582392773832,16,5,7,0
53.74032695196967,20,3,6,0
1308.399543003949,9,3,6,1
3051.9289008723376,1,1,15,1
139.27010871154653,20,4,4,0
83.53789700334059,10,1,2,0
99.08136321041437,14,2,5,0
782.126680767206,19,2,2,0
2090.059333437289,8,5,12,1
328.384852376864,11,5,5,1
2476.3792998252843,17,1,6,0
1138.4069478499937,7,1,9,0
459.84214052437505,9,3,4,0
25.984043798950268,16,1,1,0
716.4592227642535,23,5,7,0
148.4197253856834,20,4,5,0
2422.5414172220017,23,5,7,0
176.20916126016078,13,3,1,0
375.1158898315383,6,5,1,0
184.46149022925366,15,1,7,0
121.85011018489654,15,4,2,0
61.29633035245577,21,3,6,0
1027.9493351258002,19,5,8,0
103.82389284677689,21,4,3,0
93.82523785398114,11,4,5,0
214.08341152380552,10,5,2,0
138.3614380956141,17,1,4,0
90.29037675755659,16,2,3,0
74.63845019143703,17,1,6,0
1295.2975377612609,21,5,3,0
76.73662274586783,8,2,3,0
1545.5480639379837,20,1,6,0
55.07630585941338,18,5,3,0
61.07299531664783,6,1,2,0
62.95360435023455,19,5,1,0
184.35319587675073,12,3,8,0
2173.8201316636473,8,5,14,1
988.8663124010055,14,5,7,0
883.0469811946846,23,5,8,0
271.7619683978689,8,1,5,0
64.84636469813796,18,5,5,0
759.8256016692892,15,5,10,0
202.8027108190241,11,3,7,0
157.82185267322996,16,3,1,0
1721.8195448267627,14,5,6,1
4843.280277062605,4,1,11,1
149.46664183738073,8,5,2,0
228.01457431646662,12,5,4,0
368.3658140700371,8,2,4,0
605.0339406408644,16,2,4,0
113.38482080251319,7,5,3,0
622.4816156285735,4,1,5,0
111.8982024430775,14,2,7,0
99.05011531742359,20,2,4,0
3000.0,0,5,12,1
965.3530759789624,10,2,3,0
106.73884670675162,12,1,6,0
141.33819263375193,11,3,3,0
1500.0,17,3,15,1
866.1911278376454,15,5,3,0
263.64716285219595,14,4,4,0
155.8479027052921,8,2,4,0
332.6921686380314,6,1,1,0
156.67656732493282,9,5,1,0
392.1457833933434,9,4,5,0
90.51006878854486,8,4,2,0
173.72106912384098,12,3,4,0
345.563011503334,18,3,1,0
648.6962752397125,20,4,3,0
121.15042849069144,9,5,4,0
137.90954090825193,11,3,4,0
665.2236942324448,15,1,7,0
5217.037477325356,0,1,10,1
154.40020036008164,12,1,1,0
241.73599378070182,11,2,1,0
154.16788075185232,16,3,3,0
151.77022210025234,12,4,3,0
92.04311034419422,20,5,3,0
990.9638200906276,17,1,3,0
292.72037669863164,9,4,2,0
322.41475794573995,14,1,6,0
154.7160334310508,20,4,1,0
1269.4359326915721,20,1,4,0
179.56844336254142,13,3,4,0
52.33591068086816,11,2,6,0
65.42357460135992,9,4,1,0
81.82861870193257,19,4,4,0
4786.477306107931,1,5,16,1
596.3594755008162,17,1,1,0
144.95370966909437,18,3,2,0
84.99536005812928,17,5,6,0
957.0228046953861,20,1,6,0
144.3589339036626,21,2,3,0
180.68930541778516,14,1,2,0
320.92138850726775,14,5,2,0
326.87178454038303,21,3,1,0
3156.025934360433,1,1,17,1
662.0938829164953,11,2,7,1
153.34866970976995,11,2,2,0
259.63161123231197,21,1,4,0
1225.836797357242,11,1,12,0
110.02094415492552,17,3,2,0
344.24904583302424,16,4,10,1
511.4681861428045,12,4,2,0
1195.1803857858865,17,5,6,0
1559.7428656163615,6,5,5,0
1241.2034857712574,20,5,6,0
107.35785762130772,14,3,3,0
321.5023197623448,8,3,4,0
129.686068030864,9,1,3,0
653.7088115556417,22,5,4,0
419.2299875344833,8,1,5,0
114.94023945435417,16,2,1,0
520.1670620784636,8,1,3,0
212.39034174767573,12,3,2,0
118.62505171403647,17,2,3,0
494.94504086393323,18,3,6,0
125.95215035410084,14,1,4,0
178.38967765869185,11,4,1,0
1006.9951242328649,12,5,9,1
243.40926847342837,10,1,1,0
222.301524083572,10,3,1,0
816.5055538409658,22,3,4,0
201.37309683893653,14,4,2,0
269.56853769885566,21,5,3,0
112.43127061558408,21,3,1,0
195.4760015816987,20,4,5,0
386.73157105649784,13,1,7,0
106.35757156577499,7,1,2,0
100.46898070250192,17,4,1,0
652.7583464540123,18,2,13,1
450.91364101605654,11,2,5,0
28.745375588180377,13,2,2,0
589.8720544925142,19,2,9,1
74.92852234492457,15,1,9,0
1318.0876545749143,14,1,4,0
759.5483740577183,13,4,4,0
1528.7779978101262,9,1,5,0
355.21293450784947,20,5,2,0
186.98003945090701,14,4,4,0
34.39752628864965,17,1,3,0
326.54245571644793,18,1,6,0
802.0342556023146,14,2,4,0
1500.0,10,1,11,1
165.09017287795376,16,1,1,0
527.7498180956576,12,5,8,0
1500.0,18,5,10,1
1710.7589880776732,5,1,11,1
39.33717239429821,6,3,4,0
191.04819370469542,12,1,6,0
866.8208586566378,11,1,4,0
502.2559357503158,17,3,4,0
835.974809522947,13,4,4,1
1954.6506618152825,4,1,6,0
486.22520670997596,15,1,3,0
403.0016226166116,16,5,6,0
153.80667822927438,21,2,3,0
162.15316724778904,16,5,4,0
110.14613757167038,14,4,4,0
2776.5417479479843,14,5,11,0
227.04581571778886,14,5,1,0
55.483012795582,17,5,2,0
272.7334189635911,17,1,3,0
1120.7208140382156,22,5,5,0
100.0,19,4,2,0
702.8766273521293,3,1,3,0
108.47894047244918,8,3,1,0
202.25446713273294,11,3,6,0
369.00316280588675,15,2,3,0
1642.7889402575154,15,5,5,0
3227.5064346786644,5,1,14,1
71.54696924410358,16,4,2,0
404.99148444577344,12,1,2,0
54.96495153282605,21,1,1,0
726.8866279995774,11,4,4,1
610.6124357309822,19,2,6,0
80.0490707073022,12,5,4,0
300.0,11,2,4,1
868.375803233881,21,1,5,0
545.6412194416897,13,5,4,0
753.090304768733,18,5,4,0
169.68351515119377,14,4,6,0
162.84162388094236,14,4,4,0
1618.7470358843555,16,5,8,0
270.08333021022514,21,2,3,0
359.8206595237738,16,1,5,0
1567.3050851741673,14,5,2,0
149.06710312587262,17,3,5,0
1159.389265348415,16,1,5,0
947.6303134015583,23,1,3,0
3047.5238864186613,3,1,15,1
1008.5740894968201,15,5,5,0
129.66735719111233,6,5,7,0
2253.93552923389,21,1,7,0
118.26337604477277,17,4,7,0
226.96542607226513,19,1,2,0
292.84794298341393,18,5,3,0
92.35663256524283,13,3,3,0
858.1067519343213,13,5,4,1
229.96927686321288,10,3,4,0
2117.035454530113,10,1,4,0
257.411937371796,18,1,4,0
129.75228445360818,6,4,4,0
154.83576064659545,17,3,4,0
1391.2509729287772,0,1,3,0
147.5432696544775,17,3,1,0
271.75977463644296,13,1,3,0
975.1648170919638,17,5,6,0
25.04729792827431,10,5,2,0
135.5143863389566,6,5,3,0
355.14039001537793,11,5,3,0
1693.5111436666596,5,5,9,0
343.7283904675403,17,1,8,0
82.19535254826994,9,3,3,0
381.3460591180124,15,5,9,1
67.58800064477381,17,3,2,0
41.345053968807235,7,2,5,0
1292.6040902716443,18,5,3,0
21.081211650291337,20,3,4,0
1038.196730436557,12,3,5,1
974.4233858716035,0,5,10,0
420.6196348955943,14,4,6,0
167.65590662630854,17,5,4,0
190.9344567869587,16,3,2,0
533.6100117652358,20,4,3,0
1527.5934861141138,14,5,7,0
46.69775651787856,18,4,5,0
212.68936122791348,17,3,4,0
1162.8564177939372,12,5,4,0
1509.4129401216685,11,5,5,0
431.63493451726873,15,4,4,0
782.508081314682,19,4,4,0
77.74362837114367,14,3,1,0
392.2335943008263,10,5,2,0
56.05455195659313,8,1,3,0
261.52751276425624,15,5,3,0
191.3586716162391,8,4,2,0
346.8129540548954,9,2,3,0
1660.5628535746698,21,5,7,0
171.3284464832143,19,2,3,0
588.3102619523258,15,1,6,0
52.446936299156725,13,5,4,0
859.7307803636023,12,1,6,0
3000.0,0,1,18,1
130.61369555611685,14,1,4,0
889.1218607374932,19,5,8,0
1851.155107377276,2,1,14,0
799.7534054253671,14,5,9,0
176.85644901155794,19,4,7,0
553.3528503868818,18,1,7,0
316.78400430416445,8,2,5,1
903.6838349468745,18,1,4,0
1337.6747249845537,21,1,8,0
187.5404284398417,13,3,5,0
161.56252208092866,11,1,3,0
1641.5696599558987,11,1,6,0
1430.8894905250895,11,5,5,0
10.0,8,2,2,0
211.72656151604792,18,4,5,0
683.8263191170672,19,1,5,0
188.91953116641417,14,3,2,0
500.0,7,5,6,0
2022.8627494207774,11,1,5,0
714.2076224285621,16,5,3,0
274.3601891572057,8,4,2,0
141.96445187648328,15,2,2,0
53.227545565958025,12,1,2,0
335.80130382872636,22,1,4,0
905.2143431639852,10,5,4,0
767.005014262683,13,1,3,0
126.96406335753336,16,3,4,0
220.68832606563493,19,3,2,0
100.0,8,5,5,0
193.83407558569857,8,1,3,0
135.54234055488158,16,2,1,0
180.799064190158,17,3,2,0
270.37012893194776,18,3,2,0
445.6312157015447,16,5,4,0
1720.481744119153,1,3,9,1
93.92610995908902,10,3,5,0
612.2891939690486,9,2,2,0
431.6387633789968,18,4,7,0
183.6640502309104,7,3,3,0
136.2651001875886,9,5,3,0
641.340690716722,20,5,5,0
579.5793348731141,8,4,6,0
166.9647617971198,13,5,1,0
362.5701203736287,11,5,4,0
174.89236135767487,11,1,1,0
87.93576944986901,12,1,3,0
160.26734013159893,21,5,2,0
972.0052867912101,3,5,12,0
104.90181109444183,14,3,1,0
238.64782814172025,8,3,3,0
685.6980162011364,14,2,1,0
89.39698589808032,19,1,4,0
348.0971098425516,13,2,4,0
3298.0872290533266,5,1,23,1
248.63201551466537,15,2,4,0
299.99997848055847,9,1,6,0
361.97811109833583,16,3,5,0
437.295222691553,10,4,3,0
194.26118749753465,7,5,1,0
1289.0232591771426,15,5,7,0
445.74935927872133,11,3,3,0
146.11828500966402,11,4,1,0
1593.245017508052,11,5,12,1
4927.2851866773535,12,1,13,1
540.366758515463,17,2,2,0
161.82844807094324,12,3,10,0
204.44791500378616,14,5,2,0
1986.1799873472057,4,5,4,0
290.7358328317325,14,2,6,0
132.0724874153752,20,4,1,0
383.4672570167297,13,3,6,0
141.42588073923514,12,2,1,0
1306.313210592148,6,1,8,0
77.05729235130997,7,1,4,0
100.0,12,3,2,0
744.6881641500366,8,4,3,0
28.55152195250602,16,3,6,0
169.76350386832357,14,1,3,0
14.48089736969269,8,2,3,0
362.7565972831492,22,3,3,0
110.58268674967628,15,5,3,0
425.7428173028329,17,1,4,0
4540.05185820863,5,1,10,1
1000.7394458189111,16,1,3,0
63.41269134600939,16,3,2,0
1012.9402072170279,20,5,7,0
1947.109374115262,7,5,7,0
77.71819622280871,11,5,4,0
122.58195124325711,7,1,2,0
614.8116779238314,18,3,5,0
38.557194302235935,18,3,4,0
291.1916759569525,22,5,5,0
412.58458311051595,18,4,3,0
122.06535846440102,10,4,2,0
318.71629464628194,19,5,3,0
284.9688944476638,14,2,9,0
145.64052710649347,19,1,5,0
630.7473548521801,10,2,6,0
208.25774233094558,8,5,1,0
273.34981095412763,6,4,1,0
76.74098967609461,20,2,2,0
429.2407045362041,17,2,6,0
1384.9121145490008,19,1,4,0
297.6927369302855,14,3,3,0
329.67070962666065,19,1,3,0
115.21998575190602,17,4,3,0
85.7055915758092,19,2,5,0
709.2800853057555,14,1,10,0
4306.929258189394,3,5,16,1
907.4771524539734,4,5,5,0
21.690376072295443,12,3,2,0
23.21987828003642,12,3,3,0
541.5984722510408,20,2,5,0
468.28324089490854,11,3,1,0
70.88163091247297,16,4,3,0
76.70674931216722,17,1,5,0
154.56737970773233,20,4,4,0
84.71529486624675,8,1,1,0
1569.4899620295325,1,1,3,0
40.032579289361436,13,4,3,0
5697.335921075774,4,1,17,1
126.65730578117719,16,5,7,0
101.46138890202081,9,2,1,0
84.5002505528739,8,3,6,0
155.898203835526,10,2,4,0
84.601284629661,9,3,2,0
1560.8646105999771,17,5,5,0
118.7199968420745,6,5,6,0
1399.366722152338,20,5,4,0
323.107413313966,20,1,5,0
129.91052602835012,17,2,6,0
475.65377813396066,10,3,5,0
1209.07119208881,19,5,7,0
651.8430335337413,17,2,11,1
1122.3227719825436,18,1,11,0
238.0409786001777,13,4,3,0
663.3316377602907,10,5,8,1
100.0,13,5,2,0
164.51047281640254,10,4,6,0
34.77121559971865,8,3,1,0
56.32379476933578,8,1,5,0
2213.972048340661,7,1,4,0
3000.0,3,1,10,1
961.4972792281999,5,5,5,0
132.98512443468357,9,1,2,0
111.78899681556459,13,4,1,0
626.6583346934633,3,1,4,0
247.58092021650126,13,4,3,0
1318.2361672173233,10,1,10,0
30.54633714453812,10,2,4,0
892.9105050343323,1,1,4,0
103.88821147141093,18,2,2,0
169.39426860462717,8,4,1,0
216.31984577003098,10,4,3,0
138.18701196789468,10,3,2,0
31.50579056856992,16,1,8,0
466.36840781463917,15,1,4,0
234.79427823207746,8,4,5,0
325.3398993608213,11,5,4,0
1430.5773053503965,10,2,9,1
145.12060331777326,9,1,1,0
15.231894839982779,18,3,3,0
336.39267273113785,12,3,3,0
1560.9628391885872,14,1,14,1
934.1793890545425,19,5,7,0
499.1959433152979,14,2,2,0
247.93511469770414,6,2,1,0
1500.0,18,3,9,1
87.53056500961961,21,4,3,0
363.9185101186247,18,4,3,0
984.7147443735049,17,5,3,0
407.25238795430613,10,3,5,0
294.2560902565348,22,3,6,0
243.69164655613457,18,5,3,0
192.9807880201939,15,5,1,0
1130.2193627924605,22,1,8,0
1098.9439836413096,14,1,9,1
3000.0,4,5,10,1
109.39954730492902,18,3,2,0
77.18756984737738,17,5,3,0
82.26667279321919,8,4,1,0
243.82798482954203,16,2,3,0
180.67026790091325,13,1,2,0
434.4010053865869,8,5,3,0
2104.738800268522,23,5,6,0
5535.836950761883,0,1,16,1
346.8421773590092,10,2,2,0
1341.6567117291506,15,1,11,0
115.88052867102158,12,5,3,0
3552.6356118558824,5,5,16,1
140.37246835084073,12,1,5,0
133.64817242660112,6,5,2,0
100.4172002075064,10,2,4,0
505.63818217981,11,5,3,0
929.2895354429165,15,4,6,1
81.72450137892902,13,4,3,0
242.30011819645597,21,3,8,0
289.6170207104772,12,3,2,0
400.48442151728483,17,3,3,0
327.1042390216672,12,1,3,0
275.76765444108713,21,4,7,0
500.0,9,1,8,0
151.2738636502844,15,2,3,0
106.9466792974529,11,4,4,0
429.4567911045362,18,4,1,0
232.154178627943,15,3,3,0
5588.63522972423,3,5,10,1
1500.0,15,5,9,1
1483.2862039095833,21,5,4,0
3235.8435861360304,1,1,19,1
2665.1548402584663,20,5,6,0
138.28880169774513,8,2,1,0
979.6699747779488,16,3,5,0
206.22584211410475,10,1,6,0
138.96458624348926,14,3,3,0
742.0562017717957,7,5,6,0
24.822244439389017,14,2,2,0
60.40513346817189,13,2,3,0
4158.002035014411,2,1,12,1
181.46033276828646,16,1,2,0
719.2404266992794,18,1,13,1
771.5516607764827,8,1,2,0
990.0962656948836,14,5,3,0
76.60012922593342,19,4,1,0
2042.2796656817513,2,5,10,0
2724.817996399479,9,5,6,1
132.12266715091724,16,5,4,0
275.93397947280687,17,5,5,0
403.0450985635905,9,4,2,0
139.58723892002897,19,3,6,0
91.8624578054286,6,1,1,0
370.5896336613209,20,2,7,0
329.74950828938734,19,2,8,0
362.4095085678563,12,3,4,0
592.0785285507147,18,2,1,0
657.1235282568642,23,1,8,0
246.68920020686173,15,4,3,0
2091.0335004633594,10,1,6,0
232.43581920264558,21,4,5,0
129.3956087041045,19,5,3,0
100.0,9,5,1,0
2647.411489603413,13,1,8,0
2190.441965228638,17,5,7,0
500.0,4,1,5,0
335.9848461555749,17,4,1,0
758.9500678772852,17,4,4,0
111.76291671549792,10,3,3,0
442.4661203945103,10,2,2,0
613.5794368130704,14,1,9,0
409.2664850650137,14,1,7,0
131.75838111341304,7,1,4,0
47.903673398323136,19,3,4,0
2156.135375389269,17,3,11,1
731.8015881252959,5,5,3,0
705.0933123695688,16,5,3,0
964.3207902633152,19,3,4,0
79.53026719254257,10,3,2,0
247.08718438241368,22,1,6,0
202.18423282812523,20,5,3,0
3818.208836713358,3,1,14,1
374.8445876036084,19,4,3,0
987.5074381271614,19,5,4,0
138.24456421422354,11,3,4,0
74.9657832866668,10,5,6,0
4572.062497679153,5,1,13,1
3859.696578400401,0,1,21,1
131.43042993916066,8,5,6,0
324.9571593449026,15,1,7,0
3391.3553185494493,6,5,5,0
166.31442438251153,8,2,3,0
119.42994303757189,19,1,2,0
1619.9657309714237,12,3,14,1
4062.3358218098274,2,5,12,1
4640.938093846086,5,5,18,1
281.27439264854354,19,2,3,0
216.88583574751908,16,1,3,0
770.6453927193413,10,4,3,0
104.31497601270075,20,1,2,0
1958.7348554486616,9,5,3,0
420.421059152745,8,5,3,0
261.0909300277123,15,5,2,0
451.6224047093267,13,4,4,0
1019.522555498319,0,5,13,0
156.68965933582317,19,3,4,0
1112.9277179910505,21,4,7,0
1822.0482784508547,9,3,12,1
371.6171351744271,21,5,3,0
116.80749891660354,8,3,5,0
366.0166997345672,17,4,3,0
383.6042372316366,20,4,3,0
139.46473176685774,18,5,7,0
129.97911686727147,9,4,4,0
257.6450699769191,22,3,6,0
947.0391100249317,21,5,7,0
236.23697277634022,17,2,3,0
1144.8739136707297,3,5,4,0
53.967077726044714,19,5,3,0
90.48624013927193,20,3,3,0
195.8628440337978,19,1,2,0
709.0987491061144,19,5,5,0
187.08526885475314,11,2,3,0
123.25464810774136,16,5,2,0
155.9540306266896,18,1,4,0
209.96692120449381,14,5,2,0
1606.4773584239324,3,1,8,0
141.4845834854778,11,2,1,0
239.27234130375993,8,2,6,0
2387.919328945414,16,1,12,1
364.4964740284011,21,4,3,0
1089.293134403063,18,2,3,0
158.96545415182683,8,2,2,0
949.3063404214158,1,1,9,0
961.941258459569,18,1,6,0
500.0,0,1,6,0
1373.2410578059116,18,1,5,0
744.9223056812697,1,5,3,0
201.11586340303424,11,4,2,0
1495.1557834917692,17,5,7,0
102.41667030256545,9,5,3,0
208.4159848612583,15,3,4,0
26.47243421443234,19,5,4,0
209.3181775008607,10,3,2,0
507.13633288371335,19,4,5,0
2386.898658707438,23,1,6,0
83.4427113529351,19,2,3,0
222.00429269765294,10,1,5,0
68.57272716972149,16,5,4,0
26.68665319279929,12,4,6,0
510.9346363870583,8,1,6,1
371.0060245566312,17,5,8,1
86.822452357926,21,5,2,0
4813.64908841961,3,5,11,1
143.6128672383104,7,4,5,0
2096.1266979474476,12,1,3,0
46.52477426522072,12,5,5,0
37.56369641084422,20,1,3,0
66.06316890634288,11,4,4,0
221.50497169514878,8,4,2,0
307.5307014729567,21,2,5,0
128.42342339146856,9,5,8,0
258.85300596756935,9,1,7,0
249.49530550926164,8,5,7,0
318.02669902726575,9,3,3,0
137.29695536861388,18,3,4,0
928.2981615511483,14,5,8,0
131.94419831522117,11,2,6,0
262.7547046309521,17,2,3,0
238.95434954314038,15,2,4,0
394.50772299404065,19,2,1,0
823.6904829357306,11,5,7,0
79.62331080337121,12,5,2,0
1870.9679720105294,23,5,3,0
720.9125527327842,21,4,2,0
106.39534865643049,8,2,1,0
97.38550509269233,13,1,4,0
250.17548041406175,8,3,5,0
220.6525218293528,20,1,3,0
577.3898088715623,11,1,5,0
157.8424646586083,7,4,2,0
224.54324505030866,10,1,1,0
245.05612581827907,13,2,6,0
182.27819956296358,15,3,4,0
170.12310425752787,13,2,5,0
382.1349619087442,10,3,1,0
839.9057247159421,16,1,3,0
252.27951462337452,10,4,7,0
89.83513955399874,17,4,4,0
172.41542657415687,11,4,3,0
90.0505884619219,15,1,6,0
361.45486661498836,9,3,4,0
55.01825693718156,8,5,4,0
102.76025742957117,11,2,3,0
111.90820894410228,11,3,2,0
86.72598680323772,19,4,4,0
184.62413320445387,14,4,2,0
61.238195892390294,6,2,2,0
837.4028691842043,13,1,3,0
145.85134205972338,12,2,5,0
478.593539312506,22,2,1,0
125.37917403040255,16,3,4,0
1165.4583630055595,4,1,7,0
417.8168090541752,18,5,4,0
1267.841473972445,13,1,5,0
145.82164591345781,21,1,3,0
584.2766446780172,20,5,7,0
2198.96640734386,12,5,5,0
426.8008526093302,12,5,5,0
459.1886826947979,9,5,5,0
2108.863396492732,1,5,11,0
73.30871656943299,15,3,2,0
227.7911941955429,19,3,3,0
639.4714115842171,16,4,3,0
1598.8886362746887,20,3,15,1
423.25571353808965,22,5,2,0
1500.0,7,3,13,1
1409.9341702234544,11,1,11,0
351.3558548010096,16,1,4,0
1218.1491250868153,22,4,5,0
366.26329274492997,10,5,3,0
388.85492376663007,17,2,4,0
616.7000841160173,17,5,1,0
2476.4407690223006,1,5,4,0
266.60484928767767,20,5,5,0
146.33559189596488,11,2,6,0
537.872129163186,19,2,5,1
238.07539788793252,10,4,4,0
210.75924046779812,12,2,1,0
55.80804967933241,6,2,5,0
262.6044892447568,10,2,2,0
108.2797095805874,9,5,1,0
136.1294114042275,20,2,3,0
409.07773540635617,11,1,11,0
113.52217781145436,17,1,1,0
243.18894619527487,12,2,3,0
483.38582699175043,16,1,6,0
306.4696015087504,21,5,4,0
799.1127931546247,19,4,1,0
593.2786608995137,22,4,5,0
670.2778052086925,9,4,1,0
4333.666030677176,0,1,11,1
643.826115088752,9,3,5,0
702.0064756053819,21,3,2,0
138.40767032744793,15,5,3,0
391.1040979676919,20,4,3,0
60.637381399292266,6,3,3,0
824.8701199180842,12,3,5,0
603.8743919427526,14,2,6,0
139.54337879780752,14,4,2,0
77.30251811267999,17,2,1,0
477.74497145827604,18,5,1,0
171.76207565778415,21,2,5,0
193.91313667006915,10,3,2,0
2291.262472537848,20,5,19,1
33.943247171504005,19,3,1,0
223.2139033575908,19,2,6,0
966.0578979953516,18,5,4,0
197.68424376095896,6,3,2,0
190.74081037380546,6,5,2,0
2124.8222853792595,17,1,9,0
105.68756347051351,6,2,4,0
1651.7504378364038,0,1,4,0
76.72359336237137,14,1,1,0
1500.0,1,5,9,1
415.79420972026463,8,5,7,0
522.116197452039,12,1,8,0
767.925702534839,7,5,12,0
204.98935601315756,20,4,1,0
241.9340407098423,10,2,4,0
4135.445761673294,1,1,13,1
199.70931537091346,19,1,2,0
1326.811375744179,15,1,3,0
139.80559016072044,6,4,3,0
56.76316990865976,19,4,2,0
53.6993826150165,12,5,3,0
1391.7113719326053,6,1,3,0
173.4540458050983,21,1,4,0
33.78220991426792,14,1,2,0
116.80715534010133,17,4,5,0
1065.5581965308843,15,4,2,0
253.68674621202962,14,2,4,0
104.47056529753034,10,4,4,0
224.2162700711654,12,3,4,0
175.11641671104948,9,3,3,0
364.66358003002597,12,1,4,0
258.1247957485651,7,1,3,0
172.66357410887008,13,1,3,0
95.15830372262862,14,5,3,0
134.29881064150112,9,2,3,0
610.4841269058384,8,2,1,0
185.33557144993344,22,1,3,0
3989.3860417651367,1,5,10,1
193.72293317623706,21,3,5,0
970.7658797084342,19,5,2,0
83.6460868652815,20,4,4,0
134.63810397140662,8,2,4,0
1571.8086100166815,12,5,6,0
349.8037070763239,20,1,3,0
382.9721717012769,7,4,4,0
496.7462624837184,16,3,5,0
441.8987704312012,16,3,2,0
310.86165916718426,11,1,2,0
78.72940152421468,7,3,1,0
96.69555032854439,13,4,1,0
590.3510619069053,13,5,3,0
1006.2541563289822,4,5,4,0
278.647658438007,14,3,5,0
118.71470325622704,16,4,2,0
2022.7630391934176,22,5,5,0
80.306810436847,6,5,1,0
145.48208034885891,18,1,1,0
433.76604158227417,6,3,3,0
224.76848798916242,8,4,4,0
612.0121900392646,18,5,9,0
230.4055599168622,9,3,3,0
55.66372660380205,17,1,1,0
4492.7630983313675,5,1,11,1
159.01525592921064,10,4,3,0
3000.0,1,1,19,1
69.6395261986618,9,2,1,0
666.9465860106334,20,3,4,0
3724.4613041413736,0,1,17,1
980.8889380951445,20,1,6,0
206.85853651548365,15,1,6,0
147.0063451418877,20,1,3,0
131.18625507708222,15,1,3,0
222.61820941283187,20,5,3,0
210.28021363719287,11,4,5,0
1839.4556080314578,7,5,4,0
1934.9721464168063,14,1,4,0
489.5370377402399,18,1,1,0
502.27972083896464,15,1,5,0
407.7635180484018,11,4,7,0
159.775897741107,10,3,1,0
6771.486560800882,1,5,12,1
515.0935478668578,18,2,2,0
591.8117433494165,11,1,3,0
333.48727331816895,13,2,1,0
153.53220159483743,6,5,3,0
1131.3248919673072,22,1,8,0
320.92931982509214,22,2,4,0
27.14084098966595,16,4,1,0
188.34120509240788,8,2,4,0
244.89236904542437,8,3,2,0
324.2015421739204,9,5,5,0
253.95049280785284,7,1,6,0
846.1255275280923,12,1,2,0
39.87463073617843,13,1,4,0
76.7920478653481,8,3,2,0
405.7087762861932,10,5,5,0
449.5150253846131,17,1,1,0
926.4837334539408,11,5,11,1
162.01523885998026,8,4,5,0
328.18099657657683,8,3,3,0
3000.0,2,1,14,1
730.5639652024773,10,3,6,1
68.3838248598029,17,3,1,0
268.107308789862,17,3,3,0
346.11815033149384,17,3,4,0
194.4203536061562,18,3,6,0
4706.585130150869,0,1,12,1
222.37856857846143,14,5,2,0
1296.6125459621244,1,5,5,0
140.67317106175568,16,1,2,0
67.51638109723281,19,5,3,0
114.62551442259681,21,1,3,0
358.3888399653641,20,5,2,0
1674.887933595772,13,5,7,0
1070.8677754823534,16,3,7,1
928.4219676860798,9,5,3,0
385.2200974431711,11,4,5,0
89.02368262446862,17,1,3,0
21.626749732080427,15,4,4,0
180.75298740705676,14,1,5,0
749.3661131959964,18,1,11,1
82.61441970129678,8,5,5,0
609.915524177752,15,4,7,0
293.10739627960936,19,1,6,0
661.6599817124412,9,2,10,1
620.657655642574,9,1,9,0
723.9462189440073,16,5,5,0
218.32493653522533,20,5,2,0
4254.958201350469,0,5,13,1
280.3850044822637,12,5,4,0
93.30481437795312,18,3,3,0
107.44603990279019,10,1,4,0
220.2339447635636,8,2,1,0
10.533574555082446,14,4,1,0
867.3618943920154,11,5,1,0
1805.446854499973,4,5,7,0
680.5847164779536,21,1,6,0
179.01948270260283,8,5,6,0
387.27628399553225,21,4,2,0
453.8080175743801,14,4,3,0
4824.386766962988,5,1,10,1
1500.0,17,3,12,1
3000.0,3,1,17,1
355.1868555971949,10,4,2,0
623.3457174200287,8,1,9,1
389.01708744536205,18,5,5,0
14.177831259241083,14,3,1,0
201.8909631386506,12,3,2,0
175.45576510042883,18,2,4,0
532.1315434589015,6,1,6,0
170.76741545054563,17,4,1,0
1439.3575041311594,21,1,6,0
41.99781504816463,17,3,4,0
349.21414939868225,9,2,2,0
429.06995434455723,14,4,12,1
78.80716569615674,13,1,4,0
42.48776090050481,16,5,4,0
237.29565614070717,11,5,2,0
57.914063641839306,16,5,4,0
190.02866402661127,13,4,1,0
769.9447739142526,20,5,7,0
100.0,17,2,4,0
252.4421836639314,17,1,3,0
124.33922753840147,6,1,2,0
364.434663881857,8,1,3,0
130.51174688384958,8,1,2,0
1011.149224612015,7,1,5,0
216.55834306793787,16,4,3,0
152.39892219144548,6,3,1,0
3000.0,0,5,12,1
154.6772536019774,9,3,2,0
80.176275223721,9,3,2,0
927.9873469881709,18,1,5,0
3000.0,4,5,13,1
280.76730357597523,22,4,3,0
10.0,6,1,2,0
138.09557107174842,10,3,7,0
2761.6919814549337,22,1,10,0
369.18242106072256,14,4,5,0
171.83594086682805,17,1,1,0
258.55827740725056,10,2,3,0
153.3310048977211,13,3,3,0
599.634116650467,3,1,5,0
193.13880724712467,13,1,2,0
178.95012780928812,14,1,4,0
94.40908334540298,6,2,3,0
1717.6635890076248,22,1,3,0
59.84947513938377,17,4,1,0
642.0975117671077,19,3,3,0
824.551421136068,19,5,7,1
151.82684594856565,9,5,2,0
4901.249754024683,4,1,12,1
34.13656942768877,21,3,3,0
972.8305658299456,9,4,4,0
60.47584833687684,7,4,3,0
220.60097753203877,17,2,2,0
336.36575501630284,18,4,1,0
685.6106752163793,10,1,7,0
573.9341770101946,9,4,4,0
601.6232662175202,19,1,8,0
130.71149554590878,20,1,2,0
931.851915071806,1,5,11,0
338.48440253026473,18,1,6,0
1293.6215951013996,22,5,8,0
269.52829536895683,21,5,2,0
110.58418354654405,8,5,1,0
705.491310458447,17,5,3,0
100.0,22,4,3,0
276.4250846047926,6,5,3,0
117.89267578677428,6,5,3,0
229.33649847713778,8,5,1,0
12.281079622318485,14,5,1,0
1053.959981246252,16,3,1,0
211.33861428383443,6,4,3,0
38.17919557199514,12,2,2,0
115.06304926287909,13,3,3,0
173.09875135294376,7,3,2,0
313.61045924756127,10,5,1,0
208.04678192846083,11,5,3,0
426.8393497211654,13,5,6,0
1187.0653924773462,5,1,9,0
4073.094848252519,0,1,18,1
84.07320274466137,6,3,3,0
356.7080613930294,15,2,4,0
747.884346444176,1,5,4,0
1500.0,14,5,14,1
102.5199730836627,12,2,5,0
379.13628271774775,17,4,4,0
195.87771518504405,19,4,4,0
210.08507828437106,13,2,3,0
1567.874789908319,4,5,6,0
19.25940737963187,7,5,2,0
370.9085326158742,13,2,3,0
1500.0,5,5,20,1
270.5567809883045,7,5,4,0
186.05931286839999,16,3,9,0
349.8653433144367,20,2,6,0
190.86464764822279,12,4,4,0
559.3540721705172,13,1,6,0
1054.493347779924,19,4,3,0
272.59282774373486,15,3,6,0
17.12840655248005,17,1,7,0
225.06830463832404,11,1,5,0
121.8309900219846,14,3,1,0
39.99890218107047,18,2,1,0
164.6992241617587,10,1,3,0
1252.6839730671152,2,5,11,0
42.33104455739948,7,4,5,0
1697.3887369060133,8,5,12,0
1058.2466499447253,14,1,9,0
3695.6093244281155,1,5,10,1
5669.527878767536,2,5,17,1
1413.6310805315052,18,5,6,0
1165.51044508746,22,2,2,0
139.17178176218516,21,5,1,0
996.4603547021483,11,5,10,0
3397.7940459168744,0,1,17,1
201.9264611908736,10,4,2,0
449.2624812256638,13,3,1,0
911.8873344037896,18,2,4,0
313.6423858078571,19,5,8,0
1503.1533242570563,1,1,7,0
200.4649996229711,6,5,2,0
117.67106701352137,7,1,4,0
82.98136355537815,19,1,3,0
104.59051479867794,19,5,4,0
407.09002762183536,10,1,1,0
92.33640592281071,15,5,2,0
3000.0,2,5,14,1
260.48108517432274,16,4,6,0
567.45766596026,17,1,1,0
143.85769667657556,12,1,1,0
301.9615715827228,7,4,3,0
126.07425764703095,8,2,3,0
197.58515787449707,6,3,1,0
64.0842616895599,13,1,5,0
712.1521176895546,21,1,2,0
209.94595953264502,19,3,1,0
104.77477620604617,8,5,5,0
912.3902312481674,10,5,12,0
134.68067597533192,16,1,2,0
436.26999116551934,13,4,4,0
595.1890394662757,21,1,3,0
208.56068331812503,20,2,3,0
179.27398340580623,7,1,4,0
1315.4116126408003,14,1,3,0
228.1642621545334,13,5,3,0
264.9289848788108,9,3,1,0
1479.6950049155037,16,1,6,0
802.554818471883,6,5,7,0
1613.7668004595032,14,1,3,0
206.48653974677882,6,2,4,0
327.73542328626536,9,1,2,0
126.81824722408075,13,3,4,0
668.2189380956642,0,1,4,0
32.728090004363686,19,5,2,0
847.342783840096,14,5,8,1
191.14170743551526,12,3,4,0
231.5395923056104,11,5,4,0
389.2318069089417,17,5,2,0
483.67536065721794,21,5,5,0
34.067645943873046,13,4,1,0
749.2873993495966,19,2,2,0
74.71051335633811,7,4,3,0
228.07764991657461,6,2,3,0
56.991350052869755,9,3,4,0
434.21004697587335,12,4,1,0
87.19768132779893,17,3,6,0
195.16115076038233,20,1,3,0
835.0212418589019,8,5,3,0
204.36905322072857,17,5,4,0
1533.3078638824268,9,5,6,0
50.495012386337905,11,4,3,0
174.27897122467988,13,4,1,0
274.4686744358727,10,2,4,0
72.04595503223372,16,1,4,0
251.98179148594005,14,2,8,0
171.95453255923667,9,1,5,0
139.65112222281786,9,1,5,0
674.4441132203868,14,5,4,0
591.7105213769956,2,1,5,0
236.23582629396105,15,5,1,0
72.26134609886694,21,1,2,0
478.70848439177,8,4,4,0
109.06898222035647,6,5,2,0
110.33987845634562,11,5,3,0
59.134216845641355,15,4,1,0
1690.1196593011625,21,5,8,1
1750.7797658022384,0,5,7,0
109.93822247295,9,1,3,0
785.6636613826261,19,1,5,0
706.0587422133198,22,2,5,0
97.36613065416088,7,3,1,0
330.5195705629007,17,1,1,0
176.58080963861295,17,2,5,0
969.1886327095426,8,1,5,0
111.2833607394411,6,3,3,0
345.1709023676641,15,3,4,0
188.50188566144877,17,1,4,0
1500.0,4,3,11,1
132.39374316529566,7,4,1,0
201.91178332730118,14,3,3,0
109.56158705111442,10,2,2,0
82.28017794505413,11,1,5,0
337.02436644891833,20,3,4,0
1538.187700466719,12,1,4,0
632.8867687925065,15,4,7,0
568.4045221352891,14,1,2,0
635.1598194583303,17,1,8,0
972.4609425590054,3,5,7,0
1875.3472795198609,15,1,3,0
228.11112088878622,16,1,2,0
147.99468737278477,9,2,3,0
255.1963934203931,18,2,4,0
133.875633879388,20,4,1,0
706.0629792793375,0,1,3,0
456.59279996257294,19,2,1,0
270.3294591623443,17,3,3,0
30.09597797492176,16,3,1,0
731.2181063852328,4,5,6,0
28.01502403393197,7,5,4,0
275.24193986051984,6,4,4,0
1504.5754764581009,8,5,8,0
2971.0396312895714,0,1,12,1
165.9499408128562,13,2,1,0
207.00951653662992,17,4,3,0
1585.1828240596699,15,1,6,0
1210.1744359801419,17,5,5,0
239.33614170997492,6,1,1,0
306.0758542077699,15,2,6,0
3784.522604556338,2,1,17,1
500.0,10,1,4,0
191.49435118953892,17,3,1,0
309.9131110159998,11,3,7,0
689.061277414428,20,5,5,0
339.2474293237578,9,4,4,0
620.2687697616847,9,5,4,0
67.69607043562314,9,4,2,0
891.520212166948,18,4,5,0
144.51526087874012,16,4,6,0
584.5120934029931,16,5,10,1
314.2488183084311,17,3,9,0
117.62150218859722,8,1,1,0
343.06137725301954,11,1,9,1
635.4551539120056,10,3,6,0
2571.2411422061728,11,1,6,0
2626.9685400357594,14,1,11,0
28.524414616001778,13,4,1,0
2622.257005194326,18,1,3,0
132.58823342832991,16,5,4,0
315.66927147555236,17,4,3,0
125.52777570816785,17,2,4,0
308.1742266421172,7,2,2,0
377.1518835851362,12,1,6,0
112.88963034070697,17,4,2,0
117.35986962892851,15,3,2,0
46.76353256168561,20,5,2,0
361.626349954316,19,2,4,0
86.07120075625268,9,3,1,0
192.58407759406208,9,5,2,0
321.97732767125586,13,1,5,0
429.96352949844754,17,1,2,0
414.0604195659163,9,1,5,0
254.66984137937447,18,5,6,0
3699.2515417278664,3,5,14,1
967.9118355200469,18,5,5,0
1525.9931825552355,9,1,10,0
505.9761683615973,19,1,8,0
17.273195479246834,21,2,4,0
186.6020207330206,14,2,2,0
175.81700443359082,9,2,1,0
23.43912575852624,20,3,3,0
194.03300215192235,18,5,4,0
312.49357909747795,12,3,6,0
388.77503047566324,16,3,1,0
830.5813747506048,17,4,3,0
1779.4648500767466,3,5,5,0
406.2503740710052,13,1,5,0
309.62339148362116,13,2,5,0
464.2668499227365,22,3,8,0
500.0,18,1,9,0
440.6397546871657,22,1,4,0
152.10269274192626,13,3,2,0
86.70095768137374,21,5,2,0
236.88011829018382,14,1,5,0
4928.899002765183,5,5,10,1
412.902879172533,7,5,2,0
123.37861206609445,17,1,5,0
123.35054472849026,6,2,5,0
131.21672876996922,15,4,3,0
66.36263050967526,6,1,2,0
687.528782479638,9,1,5,0
432.48614431683524,17,1,2,0
374.36542860126764,16,3,5,0
1069.3644888113706,17,4,1,0
127.8040278175199,8,4,5,0
164.5341831174299,20,1,5,0
2315.982977762281,1,1,10,0
188.19443145805135,21,4,3,0
584.3140224439184,19,5,6,0
186.70439063390745,6,3,3,0
69.52032782529099,11,1,5,0
766.5696695830644,20,3,4,0
325.19889386264646,13,2,2,0
2109.136476131996,19,1,5,0
779.7946592087081,0,5,3,0
2209.4966178058244,6,5,3,0
902.5616530944116,21,1,6,0
1597.1371250235836,14,1,7,0
410.1084501619871,22,5,2,0
948.2561992232628,18,1,9,0
1894.3415833530523,21,5,3,0
566.5009357911163,20,2,3,0
233.33747290539247,20,3,3,0
140.5405834886518,7,2,2,0
100.0,22,3,5,0
152.91660853628517,9,2,1,0
841.0566254570932,16,5,2,0
48.747921434698476,15,4,4,0
1305.3685808075743,10,5,5,0
102.27479337847842,10,2,4,0
543.722575857959,15,1,5,0
318.9869295094823,18,5,1,0
481.25351445803267,15,4,2,0
913.3990519443022,4,5,3,0
176.70047312081263,11,2,2,0
186.66871637108562,15,2,5,0
85.67731551251613,8,5,4,0
1041.4299091472708,21,5,3,0
58.96972869860277,11,2,5,0
34.39552065562202,6,4,1,0
593.9608914919858,16,3,3,0
98.90563804698579,21,1,5,0
390.8500058407608,10,5,2,0
996.1054431285835,9,4,10,1
68.71706699318794,12,1,3,0
1810.1987764803691,22,1,6,0
1112.388903098368,14,1,9,0
707.6406888479805,8,5,5,0
116.24542349393492,9,4,6,0
81.25684671723494,7,5,1,0
374.5476515911635,20,5,6,0
89.71479740160788,14,4,4,0
151.6008755156639,16,4,3,0
194.83017760221983,8,3,2,0
1528.547793790365,13,2,5,1
731.4662487781657,16,5,4,0
111.28383745491094,17,4,3,0
925.0173993816194,18,4,3,0
1302.8806950747191,12,1,4,1
486.860365264821,12,5,5,0
434.439632773134,11,5,5,0
1408.6745821965999,17,1,4,0
2068.5520248632047,12,3,7,1
129.9411747540587,12,5,6,0
91.29527578278788,9,2,2,0
259.66138394596885,15,4,3,0
91.19278645493203,16,5,3,0
588.3406521291514,20,5,1,0
111.97339865054161,17,1,4,0
4461.956224013332,5,1,13,1
378.1032319244773,22,5,5,0
203.79160723991237,14,1,4,0
152.69014635181074,17,1,5,0
136.1126647189209,8,5,3,0
546.7145866240238,16,3,4,0
1259.9004098819878,11,5,3,0
291.8008018215632,9,1,4,0
365.5250469397427,6,2,4,0
267.85421079465647,10,1,4,0
374.8352439938134,11,1,4,0
706.5717460360469,11,2,2,0
403.1701974854886,10,1,3,0
112.48160709285331,21,2,2,0
38.05116873800034,7,5,3,0
306.3856490135739,14,2,4,0
162.9000016182943,10,5,4,0
1500.0,8,5,18,1
818.0710907428938,22,5,3,0
1494.610169204923,10,5,6,0
991.9807002991314,4,1,4,0
596.752345526329,14,5,6,0
1354.7358298009733,5,5,4,0
545.6885330690977,22,3,3,0
537.1078532217771,12,1,2,0
625.2056968957339,10,1,4,0
208.95302686776446,9,1,4,0
920.8279510973243,8,5,9,0
74.5730476864336,14,1,3,0
114.06025108976336,16,5,8,0
494.35320709121686,14,5,4,0
65.93687682513763,6,2,3,0
395.0970017391852,19,4,1,0
1007.4874007304912,19,5,3,0
268.0836896504566,17,3,7,0
1459.2576669972495,18,1,3,0
1105.680700944346,14,1,5,0
85.81706185305708,21,1,3,0
860.2929315287853,5,1,6,0
218.96316018505297,21,2,4,0
116.06756664296563,12,1,1,0
103.2518220694037,8,5,6,0
129.2896755079464,13,5,1,0
67.06574381605805,16,5,4,0
34.63297755261492,20,1,3,0
1229.7957129177228,12,1,7,0
125.7926776403325,13,1,1,0
98.24756648509484,19,5,1,0
64.73375497324184,17,4,3,0
523.2928605455801,15,3,3,0
972.9089531542288,19,1,8,0
1456.5140798679108,19,1,7,0
157.9860481750701,8,4,5,0
157.88399933499284,7,5,4,0
94.43691308840918,17,2,8,0
290.12308157462405,12,4,2,0
304.4325339319714,19,1,1,0
522.2506091617696,17,1,7,0
3774.3071283097506,0,1,16,1
168.1316925343184,19,4,2,0
64.08376385690775,20,1,2,0
1500.0,15,1,13,1
35.15180141695697,9,1,6,0
2568.437290785093,10,3,16,1
832.1719182734865,23,5,3,0
734.098677667946,14,5,3,0
1394.861245481961,3,5,3,0
130.76522680258248,17,1,1,0
232.94743427615066,8,4,4,0
278.46284079113093,13,1,4,0
255.61142714984555,8,3,5,0
111.45290777660657,8,2,5,0
111.44078778546486,11,5,1,0
3775.9464186274668,5,1,20,1
883.0986328517383,4,1,5,0
177.62670785787458,18,3,4,0
167.7163438979588,9,1,4,0
569.6609403341794,16,2,2,0
42.64742737039765,20,2,4,0
1588.2224112849815,19,1,6,0
28.526161130455773,14,4,1,0
188.42445028691938,21,3,1,0
68.02186138430442,9,3,3,0
300.0,8,3,10,1
394.8186475186501,10,4,6,0
162.10827887525073,18,5,3,0
300.0,11,1,7,1
231.47637118590643,18,5,2,0
65.42497526508483,17,5,1,0
1119.1514398164807,18,1,6,0
398.0514454156314,12,4,9,1
79.48534326816562,10,3,3,0
66.71203708329973,14,4,4,0
219.0792440263535,13,5,3,0
372.61020290956964,12,1,3,0
168.49325098785306,10,4,4,0
99.41953860608359,20,3,3,0
49.921148297527935,13,3,2,0
277.9983068746116,16,2,6,0
453.22905573552583,14,5,2,0
1400.9856431339513,6,5,8,0
500.2499780356293,9,2,4,0
500.0,14,1,5,0
3152.9811174119795,3,1,15,1
64.32935057021196,21,4,1,0
258.3339588273018,11,4,4,0
33.45707468807867,11,5,1,0
50.42765403488871,13,1,1,0
1588.3599197913463,0,1,5,0
13.50902763167232,8,3,3,0
289.77836053059707,19,1,1,0
3937.082771757932,3,1,23,1
508.907055659241,13,4,3,0
175.14929021550657,13,4,3,0
214.6380475700072,15,3,5,0
359.18720961680305,20,5,4,0
202.55722867900778,21,3,2,0
1707.0116998619055,15,1,6,0
197.4378876492,10,3,3,0
572.8594801302185,17,5,10,0
727.7030790556361,22,5,4,0
608.9113966306693,22,5,8,0
1500.0,13,3,22,1
160.78362507067465,18,5,3,0
37.82347550677387,10,1,4,0
67.2225312474124,6,2,4,0
650.6613677855181,9,1,4,0
421.8114661897171,9,3,3,0
1116.4925138046437,2,5,6,0
140.86208315152507,9,4,3,0
274.4418920653953,13,4,3,0
106.2967942642011,6,5,1,0
191.6632261449418,13,1,2,0
133.89585244891472,21,3,4,0
400.2719414161707,12,3,4,0
940.6339122292958,17,1,3,0
317.03888506381713,22,5,6,0
300.0,10,5,11,1
158.78759293095553,16,2,2,0
319.46919623425623,17,3,4,0
676.7846227129323,17,1,4,0
360.1844482901164,12,4,5,0
538.1572641199118,11,4,6,1
390.2013680492967,13,3,5,0
35.99799227939868,9,3,4,0
5067.40173619412,3,5,16,1
536.7639951005499,14,4,1,0
311.64808421141606,17,1,3,0
414.4687739859691,22,5,6,0
1011.2565884287645,19,5,6,0
5008.887039733428,18,1,12,1
51.80261484472208,18,3,2,0
154.80025646705857,14,1,2,0
136.88452787951772,13,2,4,0
218.62597279649373,19,3,4,0
652.235983137733,15,4,5,0
1111.3919343469502,22,5,8,0
264.50337187847435,12,1,6,0
340.4297821185196,13,5,3,0
232.0702314404948,17,2,2,0
167.6781919145273,15,1,5,0
488.7363825862977,18,5,5,0
192.96023021453072,11,3,3,0
212.18033621723276,17,4,2,0
52.1887837443196,17,5,3,0
628.7756345623179,13,2,5,1
1106.3909807784876,8,1,3,0
1556.3679851257532,20,1,10,0
538.417400320288,11,1,4,0
196.79320627608706,20,2,2,0
63.60485448480454,17,1,5,0
134.40540790603654,6,4,4,0
2015.2682312030445,5,5,9,0
108.24139718738157,11,5,1,0
299.03824992633633,16,2,1,0
41.620122689522574,12,1,1,0
77.63018052859738,12,3,4,0
826.6739083649962,8,1,7,1
444.80084609173616,21,5,1,0
39.31899053577223,21,2,4,0
137.00859844516924,11,2,5,0
63.59428524589306,13,4,2,0
422.73075929085525,13,1,1,0
227.25332964511415,16,4,2,0
85.53649401111096,14,2,4,0
142.52708812430822,9,5,2,0
1265.0019678718666,20,5,4,0
961.4700601277581,7,5,4,0
643.6523524021736,14,5,3,0
174.98733228035763,8,2,3,0
35.90754768584521,10,4,4,0
764.6229116065983,17,1,6,0
2440.6982710680472,3,1,18,1
371.97715297845207,21,2,2,0
373.6547975823743,20,3,1,0
859.5142882967303,1,1,7,0
85.72432616008683,16,3,1,0
1818.3370426839933,0,1,5,0
5421.649562669098,1,1,17,1
28.025095530286492,16,1,2,0
357.67959748079113,9,5,7,0
401.8061930743761,17,2,2,0
96.17150833635563,14,5,6,0
1389.2639248610724,8,5,6,0
75.93865264257819,20,4,4,0
728.24560679918,11,3,3,0
2327.097435444638,20,1,6,0
82.18633548911649,9,4,4,0
40.90448623426374,19,3,3,0
334.2074684971816,9,4,2,0
579.9856017083179,8,5,4,0
253.44199591944715,15,5,4,0
66.05053876042102,9,2,1,0
1386.2508554141489,15,5,7,0
19.392460561623913,10,3,4,0
212.11988564174973,10,2,6,0
692.6318037795783,10,2,7,0
706.4947624381722,12,4,6,0
270.88190735112215,9,5,3,0
92.41169783344155,16,4,2,0
431.342658381652,15,4,5,0
134.9488113062673,17,1,3,0
103.85061414436409,8,3,2,0
333.0851712686925,13,5,1,0
142.4777192836256,13,2,5,0
51.210984387510685,20,2,4,0
75.91898640257561,11,2,3,0
254.49678254423108,6,2,3,0
569.9648891821828,17,3,3,0
1151.1730202530316,4,5,5,0
63.37015664968089,11,3,1,0
4600.048981445339,4,1,14,1
396.49377213627827,11,2,2,0
216.13760080012355,18,5,5,0
245.26269338859424,20,2,2,0
31.257295344145255,7,4,3,0
497.43028548934444,9,4,6,1
599.3840224648482,19,5,1,0
320.08266697828526,18,4,1,0
479.49653135239134,9,1,4,0
421.0640931354729,10,5,3,0
353.933660411301,17,1,3,0
74.87273689035297,17,5,3,0
519.2774210589473,10,5,6,0
84.04549393773335,6,2,3,0
72.78672764178526,18,5,4,0
144.87027926750028,16,5,3,0
114.31570735695387,12,2,3,0
180.2167560858244,8,2,5,0
129.5258654462879,18,3,3,0
41.70932194021965,21,2,5,0
1036.018083196637,1,5,5,0
54.3333271290874,15,5,5,0
382.0638728323649,9,4,5,1
105.41931049113508,9,3,4,0
193.74755632783845,19,5,1,0
520.219905986282,15,3,7,0
636.431531346063,20,2,4,0
2814.1851908133526,22,3,10,1
100.0,16,5,2,0
433.7721736076063,11,2,5,0
2026.5365560276175,10,5,10,1
292.2733382407232,14,3,4,0
521.2661267387282,22,4,3,0
346.9096232184523,8,3,3,0
1683.1891084383494,15,5,7,1
1331.6763192041067,22,1,3,0
294.82840086774667,15,5,5,0
198.1948894782471,10,3,1,0
227.55550419131094,18,3,3,0
170.94471738570346,12,1,1,0
885.6173114327296,2,5,7,0
1761.2796556264411,14,1,7,0
300.0,15,4,9,1
2325.3396108014317,12,1,10,1
154.05981317887384,18,4,3,0
4106.8616389334575,4,3,8,1
869.7663901587814,9,1,3,0
129.78307890346557,10,3,1,0
53.051087794505705,11,3,2,0
592.6178198519256,9,2,2,0
483.9742608562379,8,3,2,0
80.42275845744781,19,3,2,0
1478.7741728742144,8,1,8,0
744.8933593906818,9,1,4,0
1642.365283648484,22,3,16,1
186.2885953321725,19,4,6,0
957.320905750568,23,5,3,0
384.9798912472878,13,4,1,0
1139.9191131737766,4,1,3,0
392.8860664280575,8,4,5,0
2213.757188778721,14,5,8,0
1843.7243565051135,22,5,3,0
1008.2391765223672,16,1,1,0
1346.713696697715,9,1,5,1
77.08337115157067,13,1,3,0
186.17690907147244,8,3,6,0
876.196037116976,23,5,11,0
436.12774527841634,6,4,3,0
121.74233416676806,17,1,1,0
831.400857382607,22,5,4,0
73.09712164219091,7,5,3,0
1760.280392179539,17,1,6,1
264.36940460029234,14,2,2,0
426.03117506401674,21,1,3,0
103.87982410300994,7,2,5,0
205.3869908653142,21,2,4,0
162.46317435802763,11,3,4,0
534.7420361674622,17,3,6,0
338.28179737569036,13,2,1,0
1317.9693742187108,0,5,5,0
1500.0,9,5,13,1
105.13204600035571,13,3,3,0
6274.494208728935,2,5,18,1
127.47058188797396,17,1,6,0
1421.8769076467563,6,1,10,0
442.22662683700975,20,3,6,0
735.6544689826956,9,4,8,0
309.123975573563,17,2,2,0
659.9776612158097,5,5,8,0
1036.8456446945593,3,1,5,0
239.33868938345984,20,4,3,0
5939.8056738162,3,5,21,1
361.68738068261985,13,3,3,0
1703.6010665736978,18,5,4,0
344.4525612716627,8,2,3,0
225.726480427287,19,4,6,0
276.62472247357493,9,5,8,0
622.9512341215386,7,3,9,0
834.529958289444,13,1,3,0
354.5473065627043,20,1,3,0
929.0937739175663,12,3,6,0
270.9181106559734,18,1,2,0
5296.9623341779925,1,1,21,1
1201.4091468456513,13,5,6,0
237.2918079264234,18,2,3,0
452.3651303099253,8,3,4,0
504.169176764994,8,3,3,0
500.0,14,1,3,0
69.6548276836968,21,5,2,0
1070.324316617481,15,1,4,0
500.0,4,5,5,0
82.42532932677192,16,2,2,0
2651.7060130641175,17,1,6,0
522.8037872404461,22,3,1,0
170.25020922584514,16,2,3,0
494.53807804068873,8,4,4,0
273.6684357917954,11,2,3,0
582.4847991787439,16,4,10,1
117.48770530680027,16,4,3,0
714.0499054798578,19,5,10,1
496.72712166644743,16,4,8,0
920.5894456485131,12,2,8,1
159.91682112517174,21,2,2,0
821.4617321381592,17,2,3,0
1016.5908353559656,17,3,10,1
651.4344530679584,18,3,3,0
49.947520458505764,6,5,3,0
382.18058387028356,17,5,3,0
904.1428432420291,22,2,5,0
183.6942442681662,8,5,4,0
1223.3947149115704,23,5,4,0
247.06383278564616,9,1,3,0
706.709018261941,17,1,6,0
474.82429601406545,12,1,4,1
159.54716165014506,9,3,1,0
55.641176278753754,18,4,3,0
1674.1922670206309,21,5,6,0
258.30781409731094,12,4,3,0
787.5344128329695,23,5,13,0
529.6450382276391,12,1,5,0
568.1273936051566,22,4,6,0
252.37032579171336,10,1,3,0
94.47454463898545,17,4,2,0
283.204278913207,20,5,2,0
1500.0,23,3,10,1
721.8981414583043,18,5,5,1
220.78188429255036,7,5,1,0
1884.6380767369874,3,1,4,0
425.727799753878,22,5,3,0
82.64690340955609,10,4,7,0
5030.2752714341905,5,5,10,1
636.538734519675,8,1,2,0
244.22498386776624,7,5,2,0
1036.9645612303673,0,1,8,0
797.8177035031297,11,4,12,1
86.30530887608089,18,5,2,0
489.70783934591793,8,2,6,0
4367.298836648267,3,5,14,1
267.18296925945356,17,5,7,0
186.94902684069163,17,5,5,0
154.6810857038933,18,5,3,0
436.17078708747533,21,3,8,0
169.69350736213113,10,2,1,0
119.33132794616245,10,5,5,0
124.31391136310623,13,3,3,0
99.2943456418885,10,5,3,0
67.08874571862754,9,5,1,0
149.2845706571296,11,3,1,0
1952.1619055218484,19,1,5,0
514.3631631606341,11,3,6,0
83.17523616451786,12,4,3,0
1376.0678700279952,10,1,5,0
28.306391990699147,8,5,1,0
120.5536016800838,16,2,5,0
200.33763087808367,19,5,1,0
3000.0,3,1,11,1
169.93216038667939,15,4,3,0
139.43591004154337,20,4,1,0
719.9299549926931,10,1,2,0
32.72523800751269,10,5,1,0
2607.108571200362,4,5,10,0
93.063890706662,13,5,2,0
409.2033325128916,19,2,2,0
1282.384727731344,10,2,5,0
1994.739867824841,10,1,5,0
300.0,9,5,12,1
1061.6058312678815,21,5,10,0
498.9163282643733,8,1,11,1
344.436670409372,15,3,6,0
773.3440285382175,0,1,4,0
877.5953827651324,16,4,3,0
307.87518156808704,13,4,2,0
917.2794600616833,23,5,5,0
124.975107485125,15,3,4,0
1379.8309240789526,1,5,3,0
68.7469466681735,20,1,1,0
297.34244873047044,14,1,5,0
119.557178417247,16,5,1,0
111.56020207754806,11,5,2,0
384.3732426833834,18,4,1,0
359.10927511905754,14,2,12,1
321.27306417234945,22,3,3,0
1147.8976591796468,7,5,3,0
1103.2293175652094,6,5,5,0
479.25180894512545,14,1,10,1
435.19245183596047,12,5,3,0
270.22302440997476,15,3,3,0
545.3194922307739,19,5,5,0
412.20495535725274,18,1,3,0
4742.076482946268,2,5,10,1
83.27011148128028,11,3,5,0
2270.3085296242944,21,1,7,0
119.5678734264568,12,5,1,0
1668.0123078988227,15,5,12,0
541.0101621109436,17,3,1,0
3000.0,2,1,19,1
679.9246246765331,0,5,3,0
1974.8163251793007,3,5,3,0
269.37129493064435,20,4,3,0
25.369065398714355,10,1,1,0
6492.496497243214,5,5,16,1
753.9798006152164,11,5,6,0
866.783672081299,0,5,3,0
1787.6718717958443,8,1,9,0
113.4430817542008,10,1,2,0
297.77283495553996,15,3,2,0
690.728127077767,13,4,5,0
2272.5696375271887,7,1,4,0
391.41464500505947,15,1,3,0
172.64851176157978,20,2,6,0
318.96208159395985,8,2,11,0
315.33691186089743,11,1,6,0
125.16949160186137,14,2,2,0
283.65793427850645,17,4,4,0
323.8428120925431,21,5,5,0
700.7000194095691,20,4,4,0
480.36770967195656,19,3,1,0
943.9145739734122,17,3,6,0
1500.0,22,1,6,1
479.841365968652,9,5,3,0
926.177768026317,23,5,3,0
279.40076796469725,20,4,7,0
1832.426519951568,8,1,8,0
555.5801673683416,11,5,7,0
517.2857025787566,22,3,5,0
892.4092480034764,14,5,8,1
918.0274763941201,17,4,11,1
966.8656747299776,3,1,3,0
6654.146120922735,5,5,13,1
102.70658579195862,18,3,3,0
170.25158290295303,16,1,3,0
114.41076807083876,17,5,8,0
4061.714654130058,0,1,19,1
17.908564198965916,9,4,1,0
146.36720803176757,16,4,3,0
248.80484609419813,8,1,3,0
302.85758530019837,16,5,7,0
732.3362558347192,17,2,6,0
1100.0650596240957,22,1,4,0
286.0462516663087,8,4,8,0
153.54976731270744,18,2,2,0
244.65264684649034,15,4,7,0
73.87945565370228,20,1,1,0
231.3264577040711,13,5,5,0
1481.2523788651745,0,1,13,0
43.35673200924457,18,1,1,0
3753.77804964995,5,5,10,1
272.984456640746,12,4,4,0
85.66745779352395,19,1,4,0
1457.5093438934398,9,1,5,0
72.32674342468141,11,2,5,0
621.4881423814845,19,5,5,0
132.96161067632147,14,5,4,0
227.99608791999106,8,5,4,0
79.77029147593557,18,1,1,0
90.76071762920171,16,4,5,0
547.1783000319775,14,5,4,0
1966.7744366486165,17,5,7,0
1174.3026490593375,20,5,6,0
53.53110751523808,6,1,3,0
1391.3303458098962,10,1,10,0
501.24239840998183,20,5,6,0
242.97543303090296,20,5,3,0
86.16648803176398,17,4,3,0
69.4501052492782,8,4,7,0
187.84453657736657,8,2,3,0
292.48582503175453,20,1,4,0
178.0303282242484,15,4,7,0
3385.416542928495,2,5,17,1
488.6238814529065,10,1,4,0
315.0932972373256,14,4,6,0
2166.1711661443533,9,1,6,0
383.18512182170775,20,4,7,0
825.1031719385929,15,3,11,1
128.54586745839975,20,3,1,0
1373.5635556116056,6,5,8,0
483.6054741775301,10,5,1,0
952.0529815688919,0,5,5,0
37.687779124405914,15,3,1,0
73.1791139481602,6,3,4,0
55.87693963763172,6,4,1,0
51.91827976271982,15,1,2,0
1146.497410595303,22,5,3,0
960.7987272096608,3,5,4,0
13.186448502011936,8,3,2,0
157.80727061622787,16,1,2,0
368.779301477071,12,2,4,0
376.58366160607665,19,3,5,0
437.7076297727264,12,5,3,0
503.28823609336376,16,1,5,0
90.36156158133622,11,3,2,0
18.51874552570162,20,2,1,0
360.1557175674903,8,3,2,0
236.0870818690605,19,3,5,0
384.6289324068527,14,2,4,0
296.00638488084417,20,4,6,0
1116.0315455427585,11,5,3,0
795.9219451638494,20,1,6,0
154.85561308597661,18,2,2,0
62.695533881261284,12,1,7,0
154.60019415870772,11,3,3,0
2036.7221882557983,22,1,5,0
47.41564685998648,13,2,2,0
24.5851365628363,21,2,1,0
1363.997748294388,1,1,7,0
165.31853233055455,21,2,1,0
828.2440674816661,19,3,5,0
1037.8141892842366,0,5,4,0
185.87341860550865,21,1,1,0
476.7625760263137,18,2,4,0
100.0,17,1,5,0
504.77859226482644,17,1,1,0
4511.835609741756,1,1,13,1
161.74109132140796,13,5,1,0
3088.7110647813947,4,1,17,1
84.64219512434428,20,3,3,0
569.5187808212568,10,5,2,0
459.4563812803459,17,4,4,0
418.1087700811704,13,4,2,0
118.9726808061264,14,5,1,0
120.33881652912785,8,1,2,0
82.21487397289718,12,3,3,0
135.8807870037053,13,3,5,0
297.1087235000766,7,2,4,0
213.92812148799007,18,1,7,0
107.24628093830734,20,2,5,0
532.2146240473138,14,5,3,0
559.9247996157909,3,5,5,0
148.511890445506,11,1,3,0
1982.1273440043199,1,5,8,0
89.08571176529685,8,3,3,0
1048.5542502026913,4,5,6,0
577.7250480134604,16,5,4,0
536.1437510524166,20,5,7,0
716.1995163234851,15,5,3,0
1502.9752312703172,22,1,12,0
216.83001640938485,19,3,4,0
1500.0,17,1,6,1
39.23882515135357,11,3,4,0
779.8880004476601,10,5,9,1
73.33612058267215,19,4,3,0
466.792438989773,17,4,6,0
158.76395026001413,6,3,1,0
33.22257021575367,17,1,5,0
1357.9966474632618,9,1,11,0
592.1043390712686,10,4,2,0
41.36520648169851,9,5,2,0
53.590995566774595,13,3,3,0
934.1236757976652,18,1,7,0
3000.0,5,1,13,1
1785.532006131244,3,5,5,0
285.9291893139272,17,3,2,0
111.78949506247801,7,1,2,0
317.64627266986923,19,4,5,0
265.698836941658,16,5,6,0
470.6990743377206,11,1,5,0
686.7589218716289,12,2,1,0
544.2346559605634,15,5,13,1
681.5830419414019,7,1,8,0
196.09291846093143,16,1,3,0
112.48121236408471,19,2,4,0
270.6753338721774,15,3,2,0
75.48193396870646,20,1,4,0
283.74690997365286,19,1,1,0
746.3547213675653,19,5,5,0
1000.5253236497302,22,1,6,0
3433.6442433076254,12,3,17,1
317.3888708849684,14,4,7,0
166.41789364562314,16,2,4,0
394.3803146705812,16,3,5,0
250.1757774101048,20,5,2,0
45.91222465157404,12,1,3,0
331.17822167388493,18,3,4,0
272.15257488325346,17,5,5,0
29.3642990794378,14,2,1,0
111.34817479673168,15,1,2,0
344.50999171791074,13,1,3,0
27.800520749371596,8,1,4,0
68.05404806342356,13,4,3,0
558.4676484321787,14,2,4,0
373.37150443118725,20,2,3,0
29.684015406138666,17,4,4,0
237.60480753705113,13,1,1,0
379.08291651069766,21,2,4,0
4562.219473188221,3,5,16,1
1190.902924598522,17,1,11,0
763.1882700479134,10,4,5,0
500.0,9,1,6,0
79.75044248866934,12,2,3,0
1206.1197579458121,10,4,5,0
2544.312147623057,15,5,6,0
609.527598167254,17,2,10,1
128.46617968477568,20,2,1,0
1962.2019435805898,21,5,11,1
73.81000349796611,10,1,3,0
281.5766390291523,18,3,5,0
487.20769758681035,7,2,2,0
3397.1943295617016,5,1,16,1
949.780683891318,13,3,5,0
201.15353210239095,7,4,1,0
1014.4628581991349,6,5,5,0
2476.2248149446295,8,1,5,0
192.88601346170276,6,5,4,0
823.7706953527359,10,1,3,0
54.19035577169866,15,5,1,0
1238.2914440204029,14,5,5,0
53.06230838815737,11,4,3,0
15.680457267182677,6,2,1,0
222.01846188477896,8,4,1,0
42.814515702323206,13,3,4,0
395.95529514535815,11,2,3,0
103.88334407470717,9,4,7,0
788.4139343557355,11,1,1,0
330.18725462182493,19,1,2,0
385.47335483863895,15,1,4,0
579.4314102320515,14,4,3,0
13.375955522528555,21,5,2,0
15.90738888618237,8,5,4,0
166.71310647084118,10,1,6,0
1076.6396062342526,17,1,5,0
87.29103537049835,7,4,7,0
299.0276351604406,18,1,2,0
408.58679305704163,19,3,1,0
1319.6295228349818,23,5,10,0
212.5580288662599,9,4,6,0
1511.2332038501277,2,1,3,0
229.13574005318154,10,4,5,0
313.1458194481358,20,2,7,0
673.4137395952409,19,4,5,0
153.325739502209,21,5,3,0
2079.7995665212175,22,1,3,0
135.2446360084217,16,4,3,0
1169.0499069970365,18,3,3,0
142.01341663914002,19,5,3,0
149.84850239893183,6,2,5,0
1260.8920704618668,20,1,13,0
687.86164900851,10,4,3,0
1493.328264047484,2,5,4,0
309.8233385663424,14,5,1,0
647.5014799917968,20,4,5,0
336.8007238206847,22,2,4,0
438.04572837721713,13,5,3,0
1091.8202744161363,6,1,6,0
167.60123547653848,17,1,1,0